threads,submit_latency,work_latency,speedup
1,2082.13,1504.82,13.381249009427846
2,2958.76,1572.22,9.416613716556935
4,3037.96,3044.36,9.17112141042015
8,4742.33,4724.73,5.875065632294674
16,7469.76,7780.55,3.7299056462322753
32,12712.5,13280.9,2.191661750245821
