threads,submit_latency,work_latency,speedup
1,2208.35,2247.25,14.693594765322526
2,2669.77,2831.71,12.154080688598643
4,3107.87,2935.32,10.44078420268544
8,4783.86,4826.18,6.782932610904165
16,7624.27,7607.72,4.255961554352089
32,13504.2,13166.6,2.402852445905718
