threads,submit_latency,work_latency,speedup
1,2338.85,2251.45,12.791414584090473
2,2926.49,2333.4,10.222895003912537
4,3144.73,3141.53,9.513439945559714
8,4633.0,5103.66,6.457414202460609
16,7676.77,7883.28,3.8971077679805437
32,12970.1,12882.0,2.3066283220638235
