threads,submit_latency,work_latency,speedup
1,1373.07,1593.18,21.305177449073973
2,1961.71,2041.75,14.912244929168939
4,2244.79,2289.97,13.031731253257544
8,3697.99,3774.12,7.910648757838718
16,6938.95,7280.62,4.21583957226958
32,13090.6,12725.0,2.234695124746001
